line_type,anlys_id,glac_id,anlys_time,area,db_area,width,length,primeclass,min_elev,mean_elev,max_elev,src_date,rec_status,glac_name,wgms_id,local_id,glac_stat,gone_date,gone_dt_e,subm_id,release_dt,proc_desc,rc_id,geog_area,chief_affl,conn_lvl,surge_type,term_type,gtng_o1reg,gtng_o2reg,rgi_gl_typ,parent_id,submitters,analysts,_year,_ref_name,_glims_id_input
glac_bound,814268,G071570E39610N,2018-07-01T00:00:00,0.0,21.3453,0.0,0.0,0,0,0,0,2002-07-10T00:00:00,okay,Abramov Glacier,None,None,exists,None,0,752,2018-08-24T09:00:00,"Semi-automated glacier classification; Semi-automated mapping from optical imagery, with manual editing.",36,Asia,Nagoya University,0,3,9,13,1,None,None,"Sakai, Akiko","Sakai, Akiko",2002,ABRAMOV,
glac_bound,1124030,G007896E46027N,2022-06-02T00:00:00,0.0,9.08626,0.0,0.0,0,0,0,0,2016-09-01T00:00:00,okay,Allalingletscher,None,B52/29,exists,None,0,869,2022-06-02T09:00:00,Digitizaiton of glaciers in aerial imagery;,593,swiss alps,GLAMOS (Glacier Monitoring Switzerland),0,0,0,11,1,None,G007896E46027N,"Hodel, Elias","Bauder, Andreas; Hodel, Elias; Huss, Matthias; Linsbauer, Andreas",2016,ALLALIN,
glac_bound,508565,G007036E45948N,2016-09-01T00:00:00,0.0,0.026095,0.0,0.0,0,3502,0,3676,2004-06-25T00:00:00,okay,Glacier d'Argentière_2,None,None,exists,None,0,640,2016-07-05T09:00:00,"; The glacier inventory was developed from orthophotos and satellite imagery.  See Gardent, M., A. Rabatel, J.P. Dedieu, P. Deline (2014). Multitemporal glacier inventory of the French Alps from the late 1960s to the late 2000s.  Global and Planetary Cha",33,French Alps,Laboratoire de Glaciologie et Géophysique de l'Environnement (LGGE),0,0,9,11,1,None,G006985E45951N,"Rabatel, Antoine","Antoine, Rabatel",2004,ARGENTIÈRE,
glac_bound,508100,G006132E45245N,2016-09-01T00:00:00,0.0,0.019092,0.0,0.0,0,2739,0,2831,2004-06-25T00:00:00,okay,Glacier de  l'Argentière_2,None,None,exists,None,0,640,2016-07-05T09:00:00,"; The glacier inventory was developed from orthophotos and satellite imagery.  See Gardent, M., A. Rabatel, J.P. Dedieu, P. Deline (2014). Multitemporal glacier inventory of the French Alps from the late 1960s to the late 2000s.  Global and Planetary Cha",33,French Alps,Laboratoire de Glaciologie et Géophysique de l'Environnement (LGGE),0,0,9,11,1,None,G006134E45248N,"Rabatel, Antoine","Antoine, Rabatel",2004,ARGENTIÈRE,
glac_bound,1077857,G006985E45951N,2023-05-11T00:00:00,0.0,10.7117,0.0,0.0,0,1660,2835,4092,2022-08-12T00:00:00,okay,de l'Argentière,F4N01235A08,None,exists,None,0,859,2023-10-01T09:00:00,Based on 2015 inventory with manual adjustment;,33,French Alps,Laboratoire de Glaciologie et Géophysique de l'Environnement (LGGE),0,0,0,11,1,None,G006985E45951N,"Rabatel, Antoine","Klee, Xavier; Rabatel, Antoine",2022,ARGENTIÈRE,
glac_bound,1077826,G006974E45585N,2023-05-11T00:00:00,0.0,0.050681,0.0,0.0,0,2855,2908,3058,2022-08-12T00:00:00,okay,de l'Argentière,F4N01144B24,None,exists,None,0,859,2023-10-01T09:00:00,Based on 2015 inventory with manual adjustment;,33,French Alps,Laboratoire de Glaciologie et Géophysique de l'Environnement (LGGE),0,0,0,11,1,None,G006974E45585N,"Rabatel, Antoine","Klee, Xavier; Rabatel, Antoine",2022,ARGENTIÈRE,
glac_bound,1077820,G006961E45973N,2023-05-11T00:00:00,0.0,0.264496,0.0,0.0,0,1660,2835,4092,2022-08-12T00:00:00,okay,de l'Argentière,None,None,exists,None,0,859,2023-10-01T09:00:00,Based on 2015 inventory with manual adjustment;,33,French Alps,Laboratoire de Glaciologie et Géophysique de l'Environnement (LGGE),0,0,0,11,1,None,G006985E45951N,"Rabatel, Antoine","Klee, Xavier; Rabatel, Antoine",2022,ARGENTIÈRE,
glac_bound,1077432,G006134E45248N,2023-05-11T00:00:00,0.0,0.063953,0.0,0.0,0,2590,2716,2779,2022-08-12T00:00:00,okay,de l'Argentière,F4N01154E01,None,exists,None,0,859,2023-10-01T09:00:00,Based on 2015 inventory with manual adjustment;,33,French Alps,Laboratoire de Glaciologie et Géophysique de l'Environnement (LGGE),0,0,0,11,1,None,G006134E45248N,"Rabatel, Antoine","Klee, Xavier; Rabatel, Antoine",2022,ARGENTIÈRE,
glac_bound,1124623,G008475E46414N,2022-06-02T00:00:00,0.0,1.64118,0.0,0.0,0,0,0,0,2018-09-01T00:00:00,okay,Ghiacciaio del Basòdino,None,C14/10,exists,None,0,869,2022-06-02T09:00:00,Digitizaiton of glaciers in aerial imagery;,593,swiss alps,GLAMOS (Glacier Monitoring Switzerland),0,0,0,11,1,None,None,"Hodel, Elias","Bauder, Andreas; Hodel, Elias; Huss, Matthias; Linsbauer, Andreas",2018,BASÒDINO,
glac_bound,707624,G007390E45518N,2019-04-15T00:00:00,0.497642,0.497834,0.0,0.0,0,2912,3054,3226,2017-07-10T00:00:00,okay,Ciardoney,None,None,exists,None,0,710,2019-04-15T09:00:00,Semi-automated glacier classification; The outlines are derived from 8 Sentinel 2 MSI tiles acquired in Aug. 2015.  Topographic information was derived semi-automatically from the 30 m ALOS AW3D30 DEM.,561,Various (GlobGlacier),University of Zurich-Irchel,0,0,9,11,1,None,None,"Paul, Frank","Azzoni, R.S.; Fugazza, D.; Le Bris, Raymond; Nemec, J.; Paul, Frank; Rabatel, Antoine; Ramusovic, M.; Rastner, Philipp; Schaub, Yvonne; Schwaizer (nee Bippus), Gabriele",2017,CIARDONEY,
glac_bound,1096961,G008883E46833N,2019-04-15T00:00:00,1.498,0.014609,0.0,0.0,0,2639,2892,3052,2015-08-29T00:00:00,okay,CLARIDEN FIRN-I,None,A50I/23n,exists,None,0,710,2019-04-15T09:00:00,Semi-automated glacier classification; The outlines are derived from 8 Sentinel 2 MSI tiles acquired in Aug. 2015.  Topographic information was derived semi-automatically from the 30 m ALOS AW3D30 DEM.,561,Various (GlobGlacier),University of Zurich-Irchel,0,0,9,11,1,None,None,"Paul, Frank","Azzoni, R.S.; Fugazza, D.; Le Bris, Raymond; Nemec, J.; Paul, Frank; Rabatel, Antoine; Ramusovic, M.; Rastner, Philipp; Schaub, Yvonne; Schwaizer (nee Bippus), Gabriele",2015,CLARIDEN,
glac_bound,708861,G008907E46855N,2019-04-15T00:00:00,0.69855,0.699118,0.0,0.0,0,2576,2681,2874,2015-08-29T00:00:00,okay,CLARIDEN FIRN-III,None,A50I/24n,exists,None,0,710,2019-04-15T09:00:00,Semi-automated glacier classification; The outlines are derived from 8 Sentinel 2 MSI tiles acquired in Aug. 2015.  Topographic information was derived semi-automatically from the 30 m ALOS AW3D30 DEM.,561,Various (GlobGlacier),University of Zurich-Irchel,0,0,9,11,1,None,G008907E46855N,"Paul, Frank","Azzoni, R.S.; Fugazza, D.; Le Bris, Raymond; Nemec, J.; Paul, Frank; Rabatel, Antoine; Ramusovic, M.; Rastner, Philipp; Schaub, Yvonne; Schwaizer (nee Bippus), Gabriele",2015,CLARIDEN,
glac_bound,1037569,G008888E46846N,2022-10-15T00:00:00,0.0,2.09885,0.0,0.0,0,0,0,0,2015-08-07T00:00:00,okay,Claridenfirn,None,A50I/19,exists,None,0,820,2022-11-28T09:00:00,Semi-automated glacier classification.; Semi-automatic mapping from Landsat satellite images.,585,European Alps,Friedrich-Alexander University (FAU),0,0,9,11,1,None,G008888E46846N,"Bajracharya, Samjwal","Braun, Matthias H.; Lippl, Stefan; Malz, Philipp; Seehaus, Thorsten C.; Sommer, Christian; Zemp, Michael",2015,CLARIDEN,
glac_bound,1037558,G008871E46842N,2022-10-15T00:00:00,0.0,0.012423,0.0,0.0,0,0,0,0,2015-08-30T00:00:00,okay,Clariden N,None,None,exists,None,0,820,2022-11-28T09:00:00,Semi-automated glacier classification.; Semi-automatic mapping from Landsat satellite images.,585,European Alps,Friedrich-Alexander University (FAU),0,0,9,11,1,None,G008872E46843N,"Bajracharya, Samjwal","Braun, Matthias H.; Lippl, Stefan; Malz, Philipp; Seehaus, Thorsten C.; Sommer, Christian; Zemp, Michael",2015,CLARIDEN,
glac_bound,1096354,G008872E46843N,2019-04-15T00:00:00,0.0101,0.010108,0.0,0.0,0,2705,2770,2858,2015-08-29T00:00:00,okay,Clariden N,None,A50J/04,exists,None,0,710,2019-04-15T09:00:00,Semi-automated glacier classification; The outlines are derived from 8 Sentinel 2 MSI tiles acquired in Aug. 2015.  Topographic information was derived semi-automatically from the 30 m ALOS AW3D30 DEM.,561,Various (GlobGlacier),University of Zurich-Irchel,0,0,9,11,1,None,G008872E46843N,"Paul, Frank","Azzoni, R.S.; Fugazza, D.; Le Bris, Raymond; Nemec, J.; Paul, Frank; Rabatel, Antoine; Ramusovic, M.; Rastner, Philipp; Schaub, Yvonne; Schwaizer (nee Bippus), Gabriele",2015,CLARIDEN,
glac_bound,708872,G008914E46857N,2019-04-15T00:00:00,0.0485,0.048536,0.0,0.0,0,2577,2621,2668,2015-08-29T00:00:00,okay,Claridenfirn,None,A50I/20,exists,None,0,710,2019-04-15T09:00:00,Semi-automated glacier classification; The outlines are derived from 8 Sentinel 2 MSI tiles acquired in Aug. 2015.  Topographic information was derived semi-automatically from the 30 m ALOS AW3D30 DEM.,561,Various (GlobGlacier),University of Zurich-Irchel,0,0,9,11,1,None,G008914E46857N,"Paul, Frank","Azzoni, R.S.; Fugazza, D.; Le Bris, Raymond; Nemec, J.; Paul, Frank; Rabatel, Antoine; Ramusovic, M.; Rastner, Philipp; Schaub, Yvonne; Schwaizer (nee Bippus), Gabriele",2015,CLARIDEN,
glac_bound,306817,G276838E75498N,2014-12-01T00:00:00,765.44,765.439,0.0,0.0,0,0,0,0,1999-06-15T00:00:00,okay,"Devon Ice Cap NW,",None,None,exists,None,0,590,2015-07-15T00:00:00,Semi-automated glacier classification.; These outlines come to GLIMS via the Randolph Glacier Inventory version 5.0. See http://glims.org/RGI/.  GLIMS IDs were adjusted and metadata was added at NSIDC.  Glacier complex outlines were compiled from 214 Can,761,Randolph Glacier Inventory; Umbrella RC for merging the RGI into GLIMS,University of Colorado,0,0,1,3,6,1191,None,"Bolch, Tobias","Barrand, Nick; Burgess, Dave; Cawkwell, Fiona; Copland, Luke; Filbert, Katie; Gardner, Alex; Hartmann, G; OCallaghan, P; Paul, Frank; Sharp, Martin; Wolken, G.; Wyatt, F.",1999,DEVON ICE CAP NW,
glac_bound,510213,G042778E43201N,2017-08-01T00:00:00,0.406521,0.406513,0.0,0.0,0,0,0,0,2014-08-03T07:49:37,okay,Djankuat,SU4G08005063,503a,exists,None,0,642,2017-08-01T09:00:00,"Manual glacier classification.; Using the GIS 10.2.1, manual digitizing of outlines from Landsat 5 TM images, from Earthexplorer (http://earthexplorer.usgs.gov/). In the case of shadows, snow and debris cover we used additional sources such as GPS data,",38,Caucausus Region,Ilia State University,0,0,9,12,1,None,None,"Tielidze, Levan","Tielidze, Levan",2014,DJANKUAT,
glac_bound,986321,G042774E43200N,2020-12-20T00:00:00,0.239741,0.239744,0.0,0.0,0,0,0,0,2020-09-04T00:00:00,okay,Djankuat,None,None,exists,None,0,774,2021-07-11T09:00:00,"Manual glacier classification.; Sentinel 2B images downloaded from Earthexplorer (http://earthexplorer.usgs.gov/) were used to manually map glacier margins. In the case of shadows, snow, and debris cover we used additional sources such as Google Earth, E",38,Caucausus Region,Ilia State University,0,0,9,12,1,None,G042766E43192N,"Tielidze, Levan","Tielidze, Levan",2020,DJANKUAT,
glac_bound,986326,G042779E43200N,2020-12-20T00:00:00,0.013537,0.013533,0.0,0.0,0,0,0,0,2020-09-04T00:00:00,okay,Djankuat,None,None,exists,None,0,774,2021-07-11T09:00:00,"Manual glacier classification.; Sentinel 2B images downloaded from Earthexplorer (http://earthexplorer.usgs.gov/) were used to manually map glacier margins. In the case of shadows, snow, and debris cover we used additional sources such as Google Earth, E",38,Caucausus Region,Ilia State University,0,0,9,12,1,None,G042766E43192N,"Tielidze, Levan","Tielidze, Levan",2020,DJANKUAT,
glac_bound,1013163,G238169E48750N,2023-02-16T00:00:00,3.01518,3.01517,0.0,0.0,6,0,0,0,2015-09-09T00:00:00,okay,Easton Glacier,None,None,exists,None,0,814,2023-05-16T00:00:00,Semi-automated glacier classification.; Semi-automatic mapping from various satellite image sources.,5,Conterminous USA,Portland State University,0,0,9,2,4,None,None,"Fountain, Andrew G.","Fountain, Andrew G.; Glenn, Bryce; McNeil, Christopher",2015,EASTON,
glac_bound,721204,G013840E66657N,2018-10-01T00:00:00,0.0,35.7878,0.0,0.0,0,0,0,0,1988-08-15T00:00:00,okay,Engabreen,None,1094,exists,None,0,725,2018-10-02T09:00:00,Semi-automated glacier classification.; The glacier inventory is based on semi-automatic mapping of Landsat images.,2,Norway,Norwegian Water Resources and Energy Directorate,0,0,9,8,1,None,G013853E66657N,"Andreassen, Liss Marie","Andreassen, Liss Marie; Winsvold, Solveig Havstad",1988,ENGABREEN,
glac_bound,1128433,G013853E66657N,2025-11-28T00:00:00,0.0,35.9825,0.0,0.0,0,0,0,0,2019-09-22T00:00:00,okay,Engabreen,None,1094,exists,None,0,880,2025-11-28T09:00:00,Digitization of sattelite and aerial imagery,2,Norway,Norwegian Water Resources and Energy Directorate,0,0,0,8,1,None,G013853E66657N,"Andreassen, Liss Marie","Andreassen, Liss Marie; Elvehøy, Hallgeir; Kjøllmoen, Bjarne",2019,ENGABREEN,
glac_bound,53048,G042470E43307N,2006-03-31T22:30:32,0.0,5.4095,0.0,0.0,0,0,0,0,2000-09-12T00:00:00,okay,Garabashi,SU4G08005027,27,exists,None,0,341,2006-03-31T23:10:43,"Manual digitizing of outlines from  the Landsat image using additional data: air photos, topomaps, glacier inventory of the fSU.; Landsat 7 image  has been downloaded to GLIMSView in order to digitize glacier outlines. In the case of shadows and snow we",502,Siberian Mountains,Russian Academy of Sciences,0,0,9,12,1,None,None,"Khromova, Tatiana","Seliverstov, Yriy",2000,GARABASHI,
glac_bound,509998,G042460E43301N,2017-08-01T00:00:00,0.133454,0.133434,0.0,0.0,0,0,0,0,2014-08-03T07:49:37,okay,Garabashi,None,None,exists,None,0,642,2017-08-01T09:00:00,"Manual glacier classification.; Using the GIS 10.2.1, manual digitizing of outlines from Landsat 5 TM images, from Earthexplorer (http://earthexplorer.usgs.gov/). In the case of shadows, snow and debris cover we used additional sources such as GPS data,",38,Caucausus Region,Ilia State University,0,0,9,12,1,None,None,"Tielidze, Levan","Tielidze, Levan",2014,GARABASHI,
glac_bound,986068,G042470E43302N,2020-12-20T00:00:00,4.04179,4.04083,0.0,0.0,0,0,0,0,2020-09-04T00:00:00,okay,Garabashi,SU4G08005027,None,exists,None,0,774,2021-07-11T09:00:00,"Manual glacier classification.; Sentinel 2B images downloaded from Earthexplorer (http://earthexplorer.usgs.gov/) were used to manually map glacier margins. In the case of shadows, snow, and debris cover we used additional sources such as Google Earth, E",38,Caucausus Region,Ilia State University,0,0,9,12,1,None,G042470E43302N,"Tielidze, Levan","Tielidze, Levan",2020,GARABASHI,
glac_bound,986061,G042469E43301N,2020-12-20T00:00:00,0.022455,0.022455,0.0,0.0,0,0,0,0,2020-09-04T00:00:00,okay,Garabashi,SU4G08005027,None,exists,None,0,774,2021-07-11T09:00:00,"Manual glacier classification.; Sentinel 2B images downloaded from Earthexplorer (http://earthexplorer.usgs.gov/) were used to manually map glacier margins. In the case of shadows, snow, and debris cover we used additional sources such as Google Earth, E",38,Caucausus Region,Ilia State University,0,0,9,12,1,None,None,"Tielidze, Levan","Tielidze, Levan",2020,GARABASHI,
glac_bound,1123591,G007394E45986N,2022-06-02T00:00:00,0.0,5.11329,0.0,0.0,0,0,0,0,2016-09-01T00:00:00,okay,Glacier du Giétro,None,B82/14,exists,None,0,869,2022-06-02T09:00:00,Digitizaiton of glaciers in aerial imagery;,593,swiss alps,GLAMOS (Glacier Monitoring Switzerland),0,0,0,11,1,None,None,"Hodel, Elias","Bauder, Andreas; Hodel, Elias; Huss, Matthias; Linsbauer, Andreas",2016,GIÉTRO,
glac_bound,1123605,G007413E45991N,2022-06-02T00:00:00,0.0,0.121011,0.0,0.0,0,0,0,0,2016-09-01T00:00:00,okay,Glacier du Giétro,None,B74/25n,exists,None,0,869,2022-06-02T09:00:00,Digitizaiton of glaciers in aerial imagery;,593,swiss alps,GLAMOS (Glacier Monitoring Switzerland),0,0,0,11,1,None,None,"Hodel, Elias","Bauder, Andreas; Hodel, Elias; Huss, Matthias; Linsbauer, Andreas",2016,GIÉTRO,
glac_bound,1093365,G012967E47042N,2017-03-16T00:00:00,0.0,0.34579,0.0,0.0,0,0,0,0,2016-08-27T00:00:00,okay,Goldbergkees,None,None,exists,None,0,665,2019-02-15T00:00:00,"Advanced atmospheric and topographic correction of S2A scenes, automated pre-classification of glacier areas, manual correction of minor misclassifications and in debris covered areas;",34,Austrian Alps,Universitaet Innsbruck,0,0,9,11,1,None,G012967E47042N,"Schwaizer (nee Bippus), Gabriele","Nemec, Johanna; Schwaizer (nee Bippus), Gabriele",2016,GOLDBERGKEES,
glac_bound,1000107,G008600E61657N,2021-06-01T00:00:00,0.0,1.76075,0.0,0.0,0,0,0,0,2019-08-27T00:00:00,okay,Graasubreen,None,2743,exists,None,0,800,2022-08-01T09:00:00,Semi-automated glacier classification.; Band ratio red (4)/SWIR (11) Sentinel-2 A and B 2018-2019 with manual edits.  Further description in Andreassen et al. 2022. https://doi.org/10.1017/jog.2022.20,2,Norway,Norwegian Water Resources and Energy Directorate,0,0,9,8,3,None,None,"Andreassen, Liss Marie","Andreassen, Liss Marie; Nagy, Teodor",2019,GRAASUBREEN,
glac_bound,1080899,G011068E47135N,2007-06-30T00:00:00,0.0,0.025086,0.0,0.0,0,0,0,0,1998-06-30T00:00:00,okay,"Griesskogel Ferner E,",None,None,exists,None,0,602,2016-03-07T09:00:00,"GI2 dates are from 1996/2002, since different flight campaigns were necessary to acquire cloud-free orthophotos with a minimum snow cover. The main part of the glaciers were covered during 1997 and 1998 (Fischer et al. 2015); For the Australian Alsp, gla",34,Austrian Alps,Universitaet Innsbruck,0,0,9,11,1,None,None,"Fischer, Andrea","Fischer, Andrea; Kuhn, Michael; Lambrecht, Astrid",1998,GRIES,
glac_bound,86379,G007997E46202N,2009-04-04T00:00:00,0.061875,0.061855,0.0,0.0,0,0,0,0,1998-08-31T00:00:00,okay,Griessernuhorn-N,None,464,exists,None,0,533,2009-04-30T19:18:21,"TM4/TM5 ratio; Glaciers were automatically mapped from TM raw data using two thresholds: TM3/TM5 > 2.1 and TM1 > 53. The glacier map was smoothed with a 3 by 3 median filter. After raster-vector conversion gross errors were manually removed (water, lakes",30,European Alps,University of Zurich-Irchel,0,0,9,11,1,None,None,"Paul, Frank","Paul, Frank",1998,GRIES,
glac_bound,332794,G008487E46722N,2010-06-01T00:00:00,0.004,0.003603,0.0,0.0,0,2930,2962,2973,2003-08-06T00:00:00,okay,GRIESSENFIRN,None,1112,exists,None,0,593,2016-02-01T09:00:00,"All glaciers are classified in the main processing stage with a thresholded ratio image and an additional threshold to provide the classification in shadow regions (e.g. Paul and Kaeaeb, 2005); All glaciers are classified in the main processing stage wit",30,European Alps,University of Zurich-Irchel,0,0,9,11,1,None,None,"Paul, Frank","Paul, Frank",2003,GRIES,
glac_bound,363405,G011718E46979N,2015-06-30T00:00:00,10200.0,0.010199,0.0,0.0,0,3312,3374,3438,2011-09-30T00:00:00,okay,Gran Vedretta Est I / Griess I,None,None,exists,None,0,615,2017-02-28T09:00:00,The color orthophotos have been used as base layer in GIS to detect and map glacier boundaries.; The main source of information are high resolution orthophotos. Color orthophotos have been analyzed to mark glacier boundaries. In a few cases satellite ima,511,Italy,Università degli Studi di Milano,0,0,9,11,1,None,None,"Smiraglia, Claudio","Smiraglia, Claudio",2011,GRIES,
glac_bound,1124806,G008835E46833N,2022-06-02T00:00:00,0.0,0.579862,0.0,0.0,0,0,0,0,2013-09-01T00:00:00,okay,Griessgletscher (Unterschächen),None,None,exists,None,0,869,2022-06-02T09:00:00,Digitizaiton of glaciers in aerial imagery;,593,swiss alps,GLAMOS (Glacier Monitoring Switzerland),0,0,0,11,1,None,None,"Hodel, Elias","Bauder, Andreas; Hodel, Elias; Huss, Matthias; Linsbauer, Andreas",2013,GRIES,
glac_bound,1124708,G008587E46791N,2022-06-02T00:00:00,0.0,0.01445,0.0,0.0,0,0,0,0,2013-09-01T00:00:00,okay,Griesbrawen,None,None,exists,None,0,869,2022-06-02T09:00:00,Digitizaiton of glaciers in aerial imagery;,593,swiss alps,GLAMOS (Glacier Monitoring Switzerland),0,0,0,11,1,None,G008592E46792N,"Hodel, Elias","Bauder, Andreas; Hodel, Elias; Huss, Matthias; Linsbauer, Andreas",2013,GRIES,
glac_bound,1124827,G008867E46851N,2022-06-02T00:00:00,0.0,0.105688,0.0,0.0,0,0,0,0,2013-09-01T00:00:00,okay,Im Griess,None,None,exists,None,0,869,2022-06-02T09:00:00,Digitizaiton of glaciers in aerial imagery;,593,swiss alps,GLAMOS (Glacier Monitoring Switzerland),0,0,0,11,1,None,None,"Hodel, Elias","Bauder, Andreas; Hodel, Elias; Huss, Matthias; Linsbauer, Andreas",2013,GRIES,
glac_bound,1124673,G008522E46792N,2022-06-02T00:00:00,0.0,0.036652,0.0,0.0,0,0,0,0,2013-09-01T00:00:00,okay,Griesshubel,None,A51H/06,exists,None,0,869,2022-06-02T09:00:00,Digitizaiton of glaciers in aerial imagery;,593,swiss alps,GLAMOS (Glacier Monitoring Switzerland),0,0,0,11,1,None,G008522E46792N,"Hodel, Elias","Bauder, Andreas; Hodel, Elias; Huss, Matthias; Linsbauer, Andreas",2013,GRIES,
glac_bound,708793,G008781E46817N,2019-04-15T00:00:00,0.032569,0.032607,0.0,0.0,0,2042,2155,2374,2015-08-29T00:00:00,okay,Griessgletscher,None,A51C/08,exists,None,0,710,2019-04-15T09:00:00,Semi-automated glacier classification; The outlines are derived from 8 Sentinel 2 MSI tiles acquired in Aug. 2015.  Topographic information was derived semi-automatically from the 30 m ALOS AW3D30 DEM.,561,Various (GlobGlacier),University of Zurich-Irchel,0,0,9,11,1,None,G008781E46817N,"Paul, Frank","Azzoni, R.S.; Fugazza, D.; Le Bris, Raymond; Nemec, J.; Paul, Frank; Rabatel, Antoine; Ramusovic, M.; Rastner, Philipp; Schaub, Yvonne; Schwaizer (nee Bippus), Gabriele",2015,GRIES,
glac_bound,519462,G011061E47132N,2017-05-20T00:00:00,0.0,0.003026,0.0,0.0,0,0,0,0,2015-08-26T00:00:00,okay,Griesskogel Ferner W,None,None,exists,None,0,663,2019-02-15T00:00:00,"Advanced atmospheric and topographic correction of S2A scenes, automated pre-classification of glacier areas, manual correction of minor misclassifications and in debris covered areas;",34,Austrian Alps,Universitaet Innsbruck,0,0,9,11,1,None,G011063E47133N,"Schwaizer (nee Bippus), Gabriele","Nemec, Johanna; Schwaizer (nee Bippus), Gabriele",2015,GRIES,
glac_bound,519464,G011062E47132N,2017-05-20T00:00:00,0.0,0.002549,0.0,0.0,0,0,0,0,2015-08-26T00:00:00,okay,Griesskogel Ferner W,None,None,exists,None,0,663,2019-02-15T00:00:00,"Advanced atmospheric and topographic correction of S2A scenes, automated pre-classification of glacier areas, manual correction of minor misclassifications and in debris covered areas;",34,Austrian Alps,Universitaet Innsbruck,0,0,9,11,1,None,G011063E47133N,"Schwaizer (nee Bippus), Gabriele","Nemec, Johanna; Schwaizer (nee Bippus), Gabriele",2015,GRIES,
glac_bound,519431,G011032E47105N,2017-05-20T00:00:00,0.0,0.252035,0.0,0.0,0,0,0,0,2015-08-26T00:00:00,okay,Griesskogel Ferner,None,None,exists,None,0,663,2019-02-15T00:00:00,"Advanced atmospheric and topographic correction of S2A scenes, automated pre-classification of glacier areas, manual correction of minor misclassifications and in debris covered areas;",34,Austrian Alps,Universitaet Innsbruck,0,0,9,11,1,None,G011032E47105N,"Schwaizer (nee Bippus), Gabriele","Nemec, Johanna; Schwaizer (nee Bippus), Gabriele",2015,GRIES,
glac_bound,519446,G011037E47106N,2017-05-20T00:00:00,0.0,0.003827,0.0,0.0,0,0,0,0,2015-08-26T00:00:00,okay,Griesskogel Ferner,None,None,exists,None,0,663,2019-02-15T00:00:00,"Advanced atmospheric and topographic correction of S2A scenes, automated pre-classification of glacier areas, manual correction of minor misclassifications and in debris covered areas;",34,Austrian Alps,Universitaet Innsbruck,0,0,9,11,1,None,G011032E47105N,"Schwaizer (nee Bippus), Gabriele","Nemec, Johanna; Schwaizer (nee Bippus), Gabriele",2015,GRIES,
glac_bound,708826,G008836E46834N,2019-04-15T00:00:00,0.4649,0.465268,0.0,0.0,0,2570,2850,3084,2015-08-29T00:00:00,okay,Griessgletscher (Unterschächen),None,A51C/01,exists,None,0,710,2019-04-15T09:00:00,Semi-automated glacier classification; The outlines are derived from 8 Sentinel 2 MSI tiles acquired in Aug. 2015.  Topographic information was derived semi-automatically from the 30 m ALOS AW3D30 DEM.,561,Various (GlobGlacier),University of Zurich-Irchel,0,0,9,11,1,None,G008836E46834N,"Paul, Frank","Azzoni, R.S.; Fugazza, D.; Le Bris, Raymond; Nemec, J.; Paul, Frank; Rabatel, Antoine; Ramusovic, M.; Rastner, Philipp; Schaub, Yvonne; Schwaizer (nee Bippus), Gabriele",2015,GRIES,
glac_bound,1096066,G008868E46852N,2019-04-15T00:00:00,0.842341,0.843036,0.0,0.0,0,2137,2286,2609,2015-08-29T00:00:00,okay,Im Griess,None,A50J/06,exists,None,0,710,2019-04-15T09:00:00,Semi-automated glacier classification; The outlines are derived from 8 Sentinel 2 MSI tiles acquired in Aug. 2015.  Topographic information was derived semi-automatically from the 30 m ALOS AW3D30 DEM.,561,Various (GlobGlacier),University of Zurich-Irchel,0,0,9,11,1,None,G008868E46852N,"Paul, Frank","Azzoni, R.S.; Fugazza, D.; Le Bris, Raymond; Nemec, J.; Paul, Frank; Rabatel, Antoine; Ramusovic, M.; Rastner, Philipp; Schaub, Yvonne; Schwaizer (nee Bippus), Gabriele",2015,GRIES,
glac_bound,1100653,G008816E46833N,2022-10-15T00:00:00,0.0,0.017006,0.0,0.0,0,0,0,0,2015-08-07T00:00:00,okay,Griessgletscher (Unterschächen),None,A51C/02,exists,None,0,820,2022-11-28T09:00:00,Semi-automated glacier classification.; Semi-automatic mapping from Landsat satellite images.,585,European Alps,Friedrich-Alexander University (FAU),0,0,9,11,1,None,G008816E46833N,"Bajracharya, Samjwal","Braun, Matthias H.; Lippl, Stefan; Malz, Philipp; Seehaus, Thorsten C.; Sommer, Christian; Zemp, Michael",2015,GRIES,
glac_bound,708672,G008499E46846N,2019-04-15T00:00:00,0.164932,0.165056,0.0,0.0,0,2534,2658,2815,2015-08-29T00:00:00,okay,Griessengletscher (Engelberg),None,None,exists,None,0,710,2019-04-15T09:00:00,Semi-automated glacier classification; The outlines are derived from 8 Sentinel 2 MSI tiles acquired in Aug. 2015.  Topographic information was derived semi-automatically from the 30 m ALOS AW3D30 DEM.,561,Various (GlobGlacier),University of Zurich-Irchel,0,0,9,11,1,None,G008500E46841N,"Paul, Frank","Azzoni, R.S.; Fugazza, D.; Le Bris, Raymond; Nemec, J.; Paul, Frank; Rabatel, Antoine; Ramusovic, M.; Rastner, Philipp; Schaub, Yvonne; Schwaizer (nee Bippus), Gabriele",2015,GRIES,
glac_bound,708805,G008806E46826N,2019-04-15T00:00:00,0.217548,0.217725,0.0,0.0,0,2389,2549,2755,2015-08-29T00:00:00,okay,Griessegen,None,A51C/05,exists,None,0,710,2019-04-15T09:00:00,Semi-automated glacier classification; The outlines are derived from 8 Sentinel 2 MSI tiles acquired in Aug. 2015.  Topographic information was derived semi-automatically from the 30 m ALOS AW3D30 DEM.,561,Various (GlobGlacier),University of Zurich-Irchel,0,0,9,11,1,None,None,"Paul, Frank","Azzoni, R.S.; Fugazza, D.; Le Bris, Raymond; Nemec, J.; Paul, Frank; Rabatel, Antoine; Ramusovic, M.; Rastner, Philipp; Schaub, Yvonne; Schwaizer (nee Bippus), Gabriele",2015,GRIES,
glac_bound,708668,G008500E46841N,2019-04-15T00:00:00,0.56001,0.560441,0.0,0.0,0,2500,2622,2793,2015-08-29T00:00:00,okay,Griessengletscher (Engelberg),None,A51H/02,exists,None,0,710,2019-04-15T09:00:00,Semi-automated glacier classification; The outlines are derived from 8 Sentinel 2 MSI tiles acquired in Aug. 2015.  Topographic information was derived semi-automatically from the 30 m ALOS AW3D30 DEM.,561,Various (GlobGlacier),University of Zurich-Irchel,0,0,9,11,1,None,G008500E46841N,"Paul, Frank","Azzoni, R.S.; Fugazza, D.; Le Bris, Raymond; Nemec, J.; Paul, Frank; Rabatel, Antoine; Ramusovic, M.; Rastner, Philipp; Schaub, Yvonne; Schwaizer (nee Bippus), Gabriele",2015,GRIES,
glac_bound,708728,G008592E46792N,2019-04-15T00:00:00,0.011836,0.011847,0.0,0.0,0,2258,2282,2308,2015-08-29T00:00:00,okay,Griesbrawen,None,A51G/01,exists,None,0,710,2019-04-15T09:00:00,Semi-automated glacier classification; The outlines are derived from 8 Sentinel 2 MSI tiles acquired in Aug. 2015.  Topographic information was derived semi-automatically from the 30 m ALOS AW3D30 DEM.,561,Various (GlobGlacier),University of Zurich-Irchel,0,0,9,11,1,None,None,"Paul, Frank","Azzoni, R.S.; Fugazza, D.; Le Bris, Raymond; Nemec, J.; Paul, Frank; Rabatel, Antoine; Ramusovic, M.; Rastner, Philipp; Schaub, Yvonne; Schwaizer (nee Bippus), Gabriele",2015,GRIES,
glac_bound,519471,G011063E47133N,2017-05-20T00:00:00,0.0,0.008653,0.0,0.0,0,0,0,0,2015-08-26T00:00:00,okay,Griesskogel Ferner W,None,None,exists,None,0,663,2019-02-15T00:00:00,"Advanced atmospheric and topographic correction of S2A scenes, automated pre-classification of glacier areas, manual correction of minor misclassifications and in debris covered areas;",34,Austrian Alps,Universitaet Innsbruck,0,0,9,11,1,None,G011063E47133N,"Schwaizer (nee Bippus), Gabriele","Nemec, Johanna; Schwaizer (nee Bippus), Gabriele",2015,GRIES,
glac_bound,710150,G012040E47072N,2019-04-15T00:00:00,0.044192,0.044173,0.0,0.0,0,2679,2781,2879,2016-08-27T00:00:00,okay,Griesbachjoch Kees N1,None,None,exists,None,0,710,2019-04-15T09:00:00,Semi-automated glacier classification; The outlines are derived from 8 Sentinel 2 MSI tiles acquired in Aug. 2015.  Topographic information was derived semi-automatically from the 30 m ALOS AW3D30 DEM.,561,Various (GlobGlacier),University of Zurich-Irchel,0,0,9,11,1,None,G012043E47064N,"Paul, Frank","Azzoni, R.S.; Fugazza, D.; Le Bris, Raymond; Nemec, J.; Paul, Frank; Rabatel, Antoine; Ramusovic, M.; Rastner, Philipp; Schaub, Yvonne; Schwaizer (nee Bippus), Gabriele",2016,GRIES,
glac_bound,710147,G012037E47073N,2019-04-15T00:00:00,0.028804,0.028789,0.0,0.0,0,2752,2838,2914,2016-08-27T00:00:00,okay,"Griesbachjoch Kees N2,",None,None,exists,None,0,710,2019-04-15T09:00:00,Semi-automated glacier classification; The outlines are derived from 8 Sentinel 2 MSI tiles acquired in Aug. 2015.  Topographic information was derived semi-automatically from the 30 m ALOS AW3D30 DEM.,561,Various (GlobGlacier),University of Zurich-Irchel,0,0,9,11,1,None,G012043E47064N,"Paul, Frank","Azzoni, R.S.; Fugazza, D.; Le Bris, Raymond; Nemec, J.; Paul, Frank; Rabatel, Antoine; Ramusovic, M.; Rastner, Philipp; Schaub, Yvonne; Schwaizer (nee Bippus), Gabriele",2016,GRIES,
glac_bound,710026,G011718E46982N,2019-04-15T00:00:00,0.220409,0.220364,0.0,0.0,0,2743,3201,3365,2016-08-27T00:00:00,okay,Gran Vedretta Est / Griess,None,None,exists,None,0,710,2019-04-15T09:00:00,Semi-automated glacier classification; The outlines are derived from 8 Sentinel 2 MSI tiles acquired in Aug. 2015.  Topographic information was derived semi-automatically from the 30 m ALOS AW3D30 DEM.,561,Various (GlobGlacier),University of Zurich-Irchel,0,0,9,11,1,None,None,"Paul, Frank","Azzoni, R.S.; Fugazza, D.; Le Bris, Raymond; Nemec, J.; Paul, Frank; Rabatel, Antoine; Ramusovic, M.; Rastner, Philipp; Schaub, Yvonne; Schwaizer (nee Bippus), Gabriele",2016,GRIES,
glac_bound,1096460,G012043E47064N,2019-04-15T00:00:00,0.0113,0.277247,0.0,0.0,0,2865,2913,2961,2016-08-27T00:00:00,okay,Griesbachjoch Kees N1,None,None,exists,None,0,710,2019-04-15T09:00:00,Semi-automated glacier classification; The outlines are derived from 8 Sentinel 2 MSI tiles acquired in Aug. 2015.  Topographic information was derived semi-automatically from the 30 m ALOS AW3D30 DEM.,561,Various (GlobGlacier),University of Zurich-Irchel,0,0,9,11,1,None,G012043E47064N,"Paul, Frank","Azzoni, R.S.; Fugazza, D.; Le Bris, Raymond; Nemec, J.; Paul, Frank; Rabatel, Antoine; Ramusovic, M.; Rastner, Philipp; Schaub, Yvonne; Schwaizer (nee Bippus), Gabriele",2016,GRIES,
glac_bound,1124630,G008482E46726N,2022-06-02T00:00:00,0.0,0.226778,0.0,0.0,0,0,0,0,2016-09-01T00:00:00,okay,Griessenfirn,None,A51F/35,exists,None,0,869,2022-06-02T09:00:00,Digitizaiton of glaciers in aerial imagery;,593,swiss alps,GLAMOS (Glacier Monitoring Switzerland),0,0,0,11,1,None,None,"Hodel, Elias","Bauder, Andreas; Hodel, Elias; Huss, Matthias; Linsbauer, Andreas",2016,GRIES,
glac_bound,1093460,G012040E47071N,2017-03-16T00:00:00,0.0,0.011293,0.0,0.0,0,0,0,0,2016-08-27T00:00:00,okay,"Griesbachjoch Kees N1,",None,None,exists,None,0,667,2019-02-15T00:00:00,"Advanced atmospheric and topographic correction of S2A scenes, automated pre-classification of glacier areas, manual correction of minor misclassifications and in debris covered areas;",34,Austrian Alps,Universitaet Innsbruck,0,0,9,11,1,None,G012040E47071N,"Schwaizer (nee Bippus), Gabriele","Nemec, Johanna; Schwaizer (nee Bippus), Gabriele",2016,GRIES,
glac_bound,520314,G012051E47064N,2017-03-16T00:00:00,0.0,0.008541,0.0,0.0,0,0,0,0,2016-08-27T00:00:00,okay,Griesbachjoch Kees S,None,None,exists,None,0,667,2019-02-15T00:00:00,"Advanced atmospheric and topographic correction of S2A scenes, automated pre-classification of glacier areas, manual correction of minor misclassifications and in debris covered areas;",34,Austrian Alps,Universitaet Innsbruck,0,0,9,11,1,None,G012043E47064N,"Schwaizer (nee Bippus), Gabriele","Nemec, Johanna; Schwaizer (nee Bippus), Gabriele",2016,GRIES,
glac_bound,520317,G012054E47062N,2017-03-16T00:00:00,0.0,0.037343,0.0,0.0,0,0,0,0,2016-08-27T00:00:00,okay,Griesbachjoch Kees S,None,None,exists,None,0,667,2019-02-15T00:00:00,"Advanced atmospheric and topographic correction of S2A scenes, automated pre-classification of glacier areas, manual correction of minor misclassifications and in debris covered areas;",34,Austrian Alps,Universitaet Innsbruck,0,0,9,11,1,None,G012043E47064N,"Schwaizer (nee Bippus), Gabriele","Nemec, Johanna; Schwaizer (nee Bippus), Gabriele",2016,GRIES,
glac_bound,710452,G012684E47158N,2019-04-15T00:00:00,0.2772,0.276873,0.0,0.0,0,2641,2777,2954,2016-08-27T00:00:00,okay,Griesskogel Kees,None,None,exists,None,0,710,2019-04-15T09:00:00,Semi-automated glacier classification; The outlines are derived from 8 Sentinel 2 MSI tiles acquired in Aug. 2015.  Topographic information was derived semi-automatically from the 30 m ALOS AW3D30 DEM.,561,Various (GlobGlacier),University of Zurich-Irchel,0,0,9,11,1,None,None,"Paul, Frank","Azzoni, R.S.; Fugazza, D.; Le Bris, Raymond; Nemec, J.; Paul, Frank; Rabatel, Antoine; Ramusovic, M.; Rastner, Philipp; Schaub, Yvonne; Schwaizer (nee Bippus), Gabriele",2016,GRIES,
glac_bound,520313,G012040E47074N,2017-03-16T00:00:00,0.0,0.008063,0.0,0.0,0,0,0,0,2016-08-27T00:00:00,okay,Griesbachjoch Kees N1,None,None,exists,None,0,667,2019-02-15T00:00:00,"Advanced atmospheric and topographic correction of S2A scenes, automated pre-classification of glacier areas, manual correction of minor misclassifications and in debris covered areas;",34,Austrian Alps,Universitaet Innsbruck,0,0,9,11,1,None,G012043E47064N,"Schwaizer (nee Bippus), Gabriele","Nemec, Johanna; Schwaizer (nee Bippus), Gabriele",2016,GRIES,
glac_bound,520316,G012052E47062N,2017-03-16T00:00:00,0.0,0.003958,0.0,0.0,0,0,0,0,2016-08-27T00:00:00,okay,Griesbachjoch Kees S,None,None,exists,None,0,667,2019-02-15T00:00:00,"Advanced atmospheric and topographic correction of S2A scenes, automated pre-classification of glacier areas, manual correction of minor misclassifications and in debris covered areas;",34,Austrian Alps,Universitaet Innsbruck,0,0,9,11,1,None,G012043E47064N,"Schwaizer (nee Bippus), Gabriele","Nemec, Johanna; Schwaizer (nee Bippus), Gabriele",2016,GRIES,
glac_bound,1124146,G007991E46204N,2022-06-02T00:00:00,0.0,0.018178,0.0,0.0,0,0,0,0,2017-09-01T00:00:00,okay,Griessernuhorn,None,None,exists,None,0,869,2022-06-02T09:00:00,Digitizaiton of glaciers in aerial imagery;,593,swiss alps,GLAMOS (Glacier Monitoring Switzerland),0,0,0,11,1,None,G007992E46205N,"Hodel, Elias","Bauder, Andreas; Hodel, Elias; Huss, Matthias; Linsbauer, Andreas",2017,GRIES,
glac_bound,1124451,G008319E46431N,2022-06-02T00:00:00,0.0,4.59567,0.0,0.0,0,0,0,0,2017-09-01T00:00:00,okay,Griesgletscher,None,B45/04,exists,None,0,869,2022-06-02T09:00:00,Digitizaiton of glaciers in aerial imagery;,593,swiss alps,GLAMOS (Glacier Monitoring Switzerland),0,0,0,11,1,None,G008319E46431N,"Hodel, Elias","Bauder, Andreas; Hodel, Elias; Huss, Matthias; Linsbauer, Andreas",2017,GRIES,
glac_bound,1124435,G008306E46433N,2022-06-02T00:00:00,0.0,0.016422,0.0,0.0,0,0,0,0,2017-09-01T00:00:00,okay,Griesgletscher W (Goms),None,None,exists,None,0,869,2022-06-02T09:00:00,Digitizaiton of glaciers in aerial imagery;,593,swiss alps,GLAMOS (Glacier Monitoring Switzerland),0,0,0,11,1,None,G008311E46433N,"Hodel, Elias","Bauder, Andreas; Hodel, Elias; Huss, Matthias; Linsbauer, Andreas",2017,GRIES,
glac_bound,1124158,G007992E46205N,2022-06-02T00:00:00,0.0,0.061396,0.0,0.0,0,0,0,0,2017-09-01T00:00:00,okay,Griessernuhorn,None,C03/04,exists,None,0,869,2022-06-02T09:00:00,Digitizaiton of glaciers in aerial imagery;,593,swiss alps,GLAMOS (Glacier Monitoring Switzerland),0,0,0,11,1,None,G007992E46205N,"Hodel, Elias","Bauder, Andreas; Hodel, Elias; Huss, Matthias; Linsbauer, Andreas",2017,GRIES,
glac_bound,1124161,G007997E46193N,2022-06-02T00:00:00,0.0,0.361421,0.0,0.0,0,0,0,0,2017-09-01T00:00:00,okay,Griessernugletscher,None,C02/06,exists,None,0,869,2022-06-02T09:00:00,Digitizaiton of glaciers in aerial imagery;,593,swiss alps,GLAMOS (Glacier Monitoring Switzerland),0,0,0,11,1,None,G007997E46193N,"Hodel, Elias","Bauder, Andreas; Hodel, Elias; Huss, Matthias; Linsbauer, Andreas",2017,GRIES,
glac_bound,401875,G214576E63274N,2015-07-16T00:00:00,17.567,17.5667,0.0,0.0,0,1162,0,2438,2009-08-04T00:00:00,okay,Gulkana Glacier,None,50009322,exists,None,0,624,2015-07-16T00:00:00,Semi-automated glacier classification.; From Randolph Glacier Inventory Version 5.0. Source file: 01_rgi50_Alaska.zip.  See http://www.glims.org/RGI/.  GLIMS IDs were adjusted and metadata was added at NSIDC.,761,Randolph Glacier Inventory; Umbrella RC for merging the RGI into GLIMS,University of Colorado,0,2,9,1,2,91,None,"Cogley, Graham","Beedle, Matthew; Berthier, Etienne; Bolch, Tobias; Burgess, Evan; Cogley, Graham; Forster, Richard; Giffen, Bruce A.; Hall, Dorothy K.; Kienholz, Christian; LeBris, Raymond; Manley, William",2009,GULKANA,G214576E63274N
glac_bound,1128431,G008441E61556N,2025-11-28T00:00:00,0.0,2.6581,0.0,0.0,0,0,0,0,2019-09-22T00:00:00,okay,Hellstugubreen,None,2768,exists,None,0,880,2025-11-28T09:00:00,Digitization of sattelite and aerial imagery,2,Norway,Norwegian Water Resources and Energy Directorate,0,0,0,8,3,None,None,"Andreassen, Liss Marie","Andreassen, Liss Marie; Elvehøy, Hallgeir; Kjøllmoen, Bjarne",2019,HELLSTUGUBREEN,
glac_bound,375833,G237011E49960N,2008-05-01T00:00:00,0.974603,0.974618,0.0,0.0,0,0,0,0,2004-08-09T00:00:00,okay,Helm Glacier,None,08GA237011E49960N,exists,None,0,623,2009-06-27T00:10:31,; An existing ice polygon layer from a provincial mapping program based on aerial imagery from around 1985 was used as additional information.  Glacier flowsheds were automatically generated based on a 25m DEM to split larger continuous icefields into si,536,Northern Cordillera,University of Northern British Columbia,0,0,9,2,2,None,None,"Bolch, Tobias","Bolch, Tobias",2004,HELM,
glac_bound,520340,G012096E47136N,2017-03-16T00:00:00,0.0,0.011295,0.0,0.0,0,0,0,0,2016-08-27T00:00:00,okay,Kuchelmoos Kees,None,None,exists,None,0,667,2019-02-15T00:00:00,"Advanced atmospheric and topographic correction of S2A scenes, automated pre-classification of glacier areas, manual correction of minor misclassifications and in debris covered areas;",34,Austrian Alps,Universitaet Innsbruck,0,0,9,11,1,None,G012103E47139N,"Schwaizer (nee Bippus), Gabriele","Nemec, Johanna; Schwaizer (nee Bippus), Gabriele",2016,HELM,
glac_bound,710186,G012103E47139N,2019-04-15T00:00:00,0.670728,0.67035,0.0,0.0,0,2655,2960,3160,2016-08-27T00:00:00,okay,Kuchelmoos Kees,None,None,exists,None,0,710,2019-04-15T09:00:00,Semi-automated glacier classification; The outlines are derived from 8 Sentinel 2 MSI tiles acquired in Aug. 2015.  Topographic information was derived semi-automatically from the 30 m ALOS AW3D30 DEM.,561,Various (GlobGlacier),University of Zurich-Irchel,0,0,9,11,1,None,G012103E47139N,"Paul, Frank","Azzoni, R.S.; Fugazza, D.; Le Bris, Raymond; Nemec, J.; Paul, Frank; Rabatel, Antoine; Ramusovic, M.; Rastner, Philipp; Schaub, Yvonne; Schwaizer (nee Bippus), Gabriele",2016,HELM,
glac_bound,1038315,G010752E46802N,2022-10-15T00:00:00,0.0,6.84919,0.0,0.0,0,0,0,0,2013-08-10T00:00:00,okay,Hintereisferner,None,None,exists,None,0,820,2022-11-28T09:00:00,Semi-automated glacier classification.; Semi-automatic mapping from Landsat satellite images.,585,European Alps,Friedrich-Alexander University (FAU),0,0,9,11,1,None,G010752E46802N,"Bajracharya, Samjwal","Braun, Matthias H.; Lippl, Stefan; Malz, Philipp; Seehaus, Thorsten C.; Sommer, Christian; Zemp, Michael",2013,HINTEREISFERNER,
glac_bound,519227,G010788E46845N,2017-05-20T00:00:00,0.0,3.59824,0.0,0.0,0,0,0,0,2015-08-26T00:00:00,okay,Kesselwandferner,None,None,exists,None,0,663,2019-02-15T00:00:00,"Advanced atmospheric and topographic correction of S2A scenes, automated pre-classification of glacier areas, manual correction of minor misclassifications and in debris covered areas;",34,Austrian Alps,Universitaet Innsbruck,0,0,9,11,1,None,G010788E46845N,"Schwaizer (nee Bippus), Gabriele","Nemec, Johanna; Schwaizer (nee Bippus), Gabriele",2015,KESSELWANDFERNER,
glac_bound,1128435,G021737E70130N,2025-11-28T00:00:00,0.0,2.6259,0.0,0.0,0,0,0,0,2019-09-22T00:00:00,okay,Langfjordjoekelen,None,54,exists,None,0,880,2025-11-28T09:00:00,Digitization of sattelite and aerial imagery,2,Norway,Norwegian Water Resources and Energy Directorate,0,0,0,8,1,None,G021737E70130N,"Andreassen, Liss Marie","Andreassen, Liss Marie; Elvehøy, Hallgeir; Kjøllmoen, Bjarne",2019,LANGFJORDJOEKELEN,
glac_bound,1040148,G225670E58385N,2022-06-01T00:00:00,9.64298,0.106891,0.0,0.0,0,670,1105,1490,2014-08-20T00:00:00,okay,Lemon Creek Glacier,None,None,exists,None,0,822,2023-06-07T09:00:00,Semi-automated glacier classification.; Semi-automatic mapping from satellite images.,581,Juneau area,Newcastle University,0,0,0,1,6,None,G225653E58370N,"Davies, Bethan","Davies, Bethan",2014,LEMON CREEK,
glac_bound,981777,G225653E58370N,2021-12-01T00:00:00,9.28118,7.80314,0.0,0.0,0,0,0,0,2019-09-01T00:00:00,okay,Lemon Creek Glacier,None,None,exists,None,0,772,2022-09-25T00:00:00,; Existing polygons edited manually from cloud-free Sentinel-2 imagery (10 m resolution),581,Juneau area,Newcastle University,0,0,9,1,6,None,G225653E58370N,"Davies, Bethan","Bendle, Jacob; Davies, Bethan",2019,LEMON CREEK,
glac_bound,981816,G225670E58400N,2021-12-01T00:00:00,9.28118,0.890359,0.0,0.0,0,0,0,0,2019-09-01T00:00:00,okay,Lemon Creek Glacier,None,None,exists,None,0,772,2022-09-25T00:00:00,; Existing polygons edited manually from cloud-free Sentinel-2 imagery (10 m resolution),581,Juneau area,Newcastle University,0,0,9,1,6,None,None,"Davies, Bethan","Bendle, Jacob; Davies, Bethan",2019,LEMON CREEK,
glac_bound,981810,G225669E58385N,2021-12-01T00:00:00,9.28118,0.112448,0.0,0.0,0,0,0,0,2019-09-01T00:00:00,okay,Lemon Creek Glacier,None,None,exists,None,0,772,2022-09-25T00:00:00,; Existing polygons edited manually from cloud-free Sentinel-2 imagery (10 m resolution),581,Juneau area,Newcastle University,0,0,9,1,6,None,G225653E58370N,"Davies, Bethan","Bendle, Jacob; Davies, Bethan",2019,LEMON CREEK,
glac_bound,981809,G225667E58407N,2021-12-01T00:00:00,9.28118,0.482322,0.0,0.0,0,0,0,0,2019-09-01T00:00:00,okay,Lemon Creek Glacier,None,None,exists,None,0,772,2022-09-25T00:00:00,; Existing polygons edited manually from cloud-free Sentinel-2 imagery (10 m resolution),581,Juneau area,Newcastle University,0,0,9,1,6,None,None,"Davies, Bethan","Bendle, Jacob; Davies, Bethan",2019,LEMON CREEK,
glac_bound,714214,G000632E42652N,2020-05-14T00:00:00,0.061,0.06129,0.0,0.0,0,2956,0,3162,2000-09-09T00:00:00,okay,Maladeta W,None,None,exists,None,0,715,2020-05-27T09:00:00,Manual digitization; Manual digitization of glacier outlines from imagery,35,Pyrenees,Instituto Pirenaico de Ecologia (CSIC); Institute of Pyrenees Ecology,0,0,9,11,2,None,None,"Izagirre, Eñaut","Izagirre, Eñaut",2000,MALADETA,
glac_bound,714213,G000638E42651N,2020-05-14T00:00:00,0.325,0.329335,0.0,0.0,0,2857,0,3193,2000-09-09T00:00:00,okay,Maladeta E,None,None,exists,None,0,715,2020-05-27T09:00:00,Manual digitization; Manual digitization of glacier outlines from imagery,35,Pyrenees,Instituto Pirenaico de Ecologia (CSIC); Institute of Pyrenees Ecology,0,0,9,11,2,None,None,"Izagirre, Eñaut","Izagirre, Eñaut",2000,MALADETA,
glac_bound,306858,G260810E79982N,2014-12-01T00:00:00,92.926,92.9262,0.0,0.0,0,0,0,0,1999-06-15T00:00:00,okay,Meighen Ice Cap,None,None,exists,None,0,590,2015-07-15T00:00:00,Semi-automated glacier classification.; These outlines come to GLIMS via the Randolph Glacier Inventory version 5.0. See http://glims.org/RGI/.  GLIMS IDs were adjusted and metadata was added at NSIDC.  Glacier complex outlines were compiled from 214 Can,761,Randolph Glacier Inventory; Umbrella RC for merging the RGI into GLIMS,University of Colorado,0,0,9,3,2,91,None,"Bolch, Tobias","Barrand, Nick; Burgess, Dave; Cawkwell, Fiona; Copland, Luke; Filbert, Katie; Gardner, Alex; Hartmann, G; OCallaghan, P; Paul, Frank; Sharp, Martin; Wolken, G.; Wyatt, F.",1999,MEIGHEN ICE CAP,
glac_bound,519013,G245035E75429N,2018-05-22T00:00:00,0.0,34.1153,0.0,0.0,0,0,0,0,2017-06-21T00:00:00,okay,Melville South Ice Cap,None,None,exists,None,0,660,2018-05-31T09:00:00,Data from Landsat8. Shp from band ratio in QGIS with some manual editing and crashing.; Data from Landsat8. Shp from band ratio in QGIS with some manual editing.,602,Various (NSIDC),University of Colorado,0,0,9,3,7,None,G245035E75429N,"Raup, Bruce H.","Maydhisudhiwongs, Pim; Raup, Bruce H.",2017,MELVILLE SOUTH ICE CAP,
glac_bound,1128426,G007099E61715N,2025-11-28T00:00:00,0.0,45.0429,0.0,0.0,0,0,0,0,2019-09-22T00:00:00,okay,Nigardsbreen,None,2297,exists,None,0,880,2025-11-28T09:00:00,Digitization of sattelite and aerial imagery,2,Norway,Norwegian Water Resources and Energy Directorate,0,0,0,8,2,None,None,"Andreassen, Liss Marie","Andreassen, Liss Marie; Elvehøy, Hallgeir; Kjøllmoen, Bjarne",2019,NIGARDSBREEN,
glac_bound,710442,G012678E47096N,2019-04-15T00:00:00,16.1835,16.1652,0.0,0.0,0,2102,2914,3495,2016-08-27T00:00:00,okay,Pasterze,None,None,exists,None,0,710,2019-04-15T09:00:00,Semi-automated glacier classification; The outlines are derived from 8 Sentinel 2 MSI tiles acquired in Aug. 2015.  Topographic information was derived semi-automatically from the 30 m ALOS AW3D30 DEM.,561,Various (GlobGlacier),University of Zurich-Irchel,0,0,9,11,1,None,G012678E47096N,"Paul, Frank","Azzoni, R.S.; Fugazza, D.; Le Bris, Raymond; Nemec, J.; Paul, Frank; Rabatel, Antoine; Ramusovic, M.; Rastner, Philipp; Schaub, Yvonne; Schwaizer (nee Bippus), Gabriele",2016,PASTERZE,
glac_bound,387704,G243446E51658N,2008-05-01T00:00:00,9.69862,9.69863,0.0,0.0,0,0,0,0,2006-08-28T00:00:00,okay,Peyto Glacier,None,05DA243446E51658N,exists,None,0,623,2009-06-27T00:10:31,; An existing ice polygon layer from a provincial mapping program based on aerial imagery from around 1985 was used as additional information.  Glacier flowsheds were automatically generated based on a 25m DEM to split larger continuous icefields into si,536,Northern Cordillera,University of Northern British Columbia,0,0,9,2,3,None,None,"Bolch, Tobias","Bolch, Tobias",2006,PEYTO,
glac_bound,379294,G237393E50422N,2008-05-01T00:00:00,3.0157,3.01573,0.0,0.0,0,0,0,0,2004-08-09T00:00:00,okay,Place Glacier,None,08MG237393E50422N,exists,None,0,623,2009-06-27T00:10:31,; An existing ice polygon layer from a provincial mapping program based on aerial imagery from around 1985 was used as additional information.  Glacier flowsheds were automatically generated based on a 25m DEM to split larger continuous icefields into si,536,Northern Cordillera,University of Northern British Columbia,0,0,9,2,2,None,None,"Bolch, Tobias","Bolch, Tobias",2004,PLACE,
glac_bound,1077701,G006767E45290N,2023-05-11T00:00:00,0.0,0.309984,0.0,0.0,0,2810,2993,3208,2022-08-12T00:00:00,okay,de Belle Place,F4N01152A01,None,exists,None,0,859,2023-10-01T09:00:00,Based on 2015 inventory with manual adjustment;,33,French Alps,Laboratoire de Glaciologie et Géophysique de l'Environnement (LGGE),0,0,0,11,1,None,G006767E45290N,"Rabatel, Antoine","Klee, Xavier; Rabatel, Antoine",2022,PLACE,
glac_bound,374199,G224494E59114N,2010-01-01T00:00:00,0.0,4.00402,0.0,0.0,0,0,0,0,2010-09-16T00:00:00,okay,Rainbow Glacier,None,None,exists,None,0,622,2011-08-15T20:04:00,Automated and manual digitizing. Basin delineation was aided by an algorithm developed by C. Kienholz.; Landsat ETM+ images (LE70590192010259EDC00 and LE70600192010266EDC01) were downloaded from the USGS Earth Explorer (http://edcsns17.cr.usgs.gov/NewEar,4,Alaska,University of Washington,0,0,9,1,6,None,None,"Arendt, Anthony","Rich, Justin",2010,RAINBOW,
glac_bound,1013279,G238226E48808N,2023-02-16T00:00:00,0.095848,0.095853,0.0,0.0,7,0,0,0,2015-09-09T00:00:00,okay,Rainbow Glacier,None,None,exists,None,0,814,2023-05-16T00:00:00,Semi-automated glacier classification.; Semi-automatic mapping from various satellite image sources.,5,Conterminous USA,Portland State University,0,0,9,2,4,None,G238220E48799N,"Fountain, Andrew G.","Fountain, Andrew G.; Glenn, Bryce; McNeil, Christopher",2015,RAINBOW,
glac_bound,1013285,G238229E48805N,2023-02-16T00:00:00,0.012708,0.012708,0.0,0.0,6,0,0,0,2015-09-09T00:00:00,okay,Rainbow Glacier,None,None,exists,None,0,814,2023-05-16T00:00:00,Semi-automated glacier classification.; Semi-automatic mapping from various satellite image sources.,5,Conterminous USA,Portland State University,0,0,9,2,4,None,G238220E48799N,"Fountain, Andrew G.","Fountain, Andrew G.; Glenn, Bryce; McNeil, Christopher",2015,RAINBOW,
glac_bound,1013263,G238220E48799N,2023-02-16T00:00:00,1.89559,1.89559,0.0,0.0,6,0,0,0,2015-09-09T00:00:00,okay,Rainbow Glacier,None,None,exists,None,0,814,2023-05-16T00:00:00,Semi-automated glacier classification.; Semi-automatic mapping from various satellite image sources.,5,Conterminous USA,Portland State University,0,0,9,2,4,None,G238220E48799N,"Fountain, Andrew G.","Fountain, Andrew G.; Glenn, Bryce; McNeil, Christopher",2015,RAINBOW,
glac_bound,1014716,G245913E48878N,2023-02-16T00:00:00,1.05288,1.05288,0.0,0.0,6,0,0,0,2015-09-12T00:00:00,okay,Rainbow Glacier,None,None,exists,None,0,814,2023-05-16T00:00:00,Semi-automated glacier classification.; Semi-automatic mapping from various satellite image sources.,5,Conterminous USA,Portland State University,0,0,9,2,5,None,None,"Fountain, Andrew G.","Fountain, Andrew G.; Glenn, Bryce; McNeil, Christopher",2015,RAINBOW,
glac_bound,1012627,G018038E68082N,2023-01-05T00:00:00,4.886,4.83374,0.0,0.0,0,1160,0,1468,2001-08-20T00:00:00,okay,Riukojietna,None,None,exists,None,0,812,2023-01-02T09:00:00,; Manual corrections to geolocation of RGI6 outlines based on ArcGIS basemaps,7,Sweden,Stockholm University,0,0,9,8,1,None,None,"Frank, Thomas","Brown, Ian; Frank, Thomas; Hansson, Erik",2001,RIUKOJIETNA,
glac_bound,1124513,G008398E46623N,2022-06-02T00:00:00,0.0,14.6372,0.0,0.0,0,0,0,0,2016-09-01T00:00:00,okay,Rhonegletscher,None,B43/12n,exists,None,0,869,2022-06-02T09:00:00,Digitizaiton of glaciers in aerial imagery;,593,swiss alps,GLAMOS (Glacier Monitoring Switzerland),0,0,0,11,1,None,G008398E46623N,"Hodel, Elias","Bauder, Andreas; Hodel, Elias; Huss, Matthias; Linsbauer, Andreas",2016,Rhonegletscher,G008398E46623N
glac_bound,1077453,G006159E45160N,2023-05-11T00:00:00,0.0,1.75801,0.0,0.0,0,2691,2931,3421,2022-08-12T00:00:00,okay,Saint Sorlin,F4N01162B09 + 154D03,None,exists,None,0,859,2023-10-01T09:00:00,Based on 2015 inventory with manual adjustment;,33,French Alps,Laboratoire de Glaciologie et Géophysique de l'Environnement (LGGE),0,0,0,11,1,None,G006159E45160N,"Rabatel, Antoine","Klee, Xavier; Rabatel, Antoine",2022,SAINT SORLIN,
glac_bound,1100643,G010084E46850N,2022-10-15T00:00:00,0.0,0.015688,0.0,0.0,0,0,0,0,2015-08-07T00:00:00,okay,Silvrettagletscher,None,45,exists,None,0,820,2022-11-28T09:00:00,Semi-automated glacier classification.; Semi-automatic mapping from Landsat satellite images.,585,European Alps,Friedrich-Alexander University (FAU),0,0,9,11,1,None,G010084E46850N,"Bajracharya, Samjwal","Braun, Matthias H.; Lippl, Stefan; Malz, Philipp; Seehaus, Thorsten C.; Sommer, Christian; Zemp, Michael",2015,SILVRETTA,
glac_bound,1014146,G238931E48356N,2023-02-16T00:00:00,0.100621,0.100623,0.0,0.0,6,0,0,0,2017-09-09T00:00:00,okay,South Cascade Glacier,None,None,exists,None,0,814,2023-05-16T00:00:00,Semi-automated glacier classification.; Semi-automatic mapping from various satellite image sources.,5,Conterminous USA,Portland State University,0,0,9,2,4,None,G238936E48358N,"Fountain, Andrew G.","Fountain, Andrew G.; Glenn, Bryce; McNeil, Christopher",2017,SOUTH CASCADE,
glac_bound,1014170,G238936E48358N,2023-02-16T00:00:00,1.67671,1.67672,0.0,0.0,6,0,0,0,2017-09-09T00:00:00,okay,South Cascade Glacier,None,None,exists,None,0,814,2023-05-16T00:00:00,Semi-automated glacier classification.; Semi-automatic mapping from various satellite image sources.,5,Conterminous USA,Portland State University,0,0,9,2,4,None,G238936E48358N,"Fountain, Andrew G.","Fountain, Andrew G.; Glenn, Bryce; McNeil, Christopher",2017,SOUTH CASCADE,
glac_bound,103212,G016172E77192N,2010-01-01T00:00:00,206.376,206.536,0.0,23073.7,0,0,0,0,2008-09-01T00:00:00,okay,Storbreen,12412.000000,12412.000000,exists,None,0,563,2012-12-04T00:00:00,Details and references under http://public.data.npolar.no/cryoclim/GLIMS_Svalbard.pdf;,19,"Svalbard, Jan Mayen, and Bouvet",Norwegian Polar Institute,0,2,1,7,1,None,None,"Koenig, Max","Koenig, Max; Nuth, Chris",2008,STORBREEN,
glac_bound,999849,G008261E62524N,2021-06-01T00:00:00,0.0,0.227976,0.0,0.0,0,0,0,0,2019-08-27T00:00:00,okay,Storbreen,None,1667,exists,None,0,800,2022-08-01T09:00:00,Semi-automated glacier classification.; Band ratio red (4)/SWIR (11) Sentinel-2 A and B 2018-2019 with manual edits.  Further description in Andreassen et al. 2022. https://doi.org/10.1017/jog.2022.20,2,Norway,Norwegian Water Resources and Energy Directorate,0,0,9,8,2,None,G008261E62524N,"Andreassen, Liss Marie","Andreassen, Liss Marie; Nagy, Teodor",2019,STORBREEN,
glac_bound,999722,G008132E61573N,2021-06-01T00:00:00,0.0,5.04535,0.0,0.0,0,0,0,0,2019-08-04T00:00:00,okay,Storbreen,None,2636,exists,None,0,800,2022-08-01T09:00:00,Semi-automated glacier classification.; Band ratio red (4)/SWIR (11) Sentinel-2 A and B 2018-2019 with manual edits.  Further description in Andreassen et al. 2022. https://doi.org/10.1017/jog.2022.20,2,Norway,Norwegian Water Resources and Energy Directorate,0,0,9,8,3,None,None,"Andreassen, Liss Marie","Andreassen, Liss Marie; Nagy, Teodor",2019,STORBREEN,
glac_bound,999000,G007577E62248N,2021-06-01T00:00:00,0.0,0.939791,0.0,0.0,0,0,0,0,2019-08-27T00:00:00,okay,Storbreen,None,1823,exists,None,0,800,2022-08-01T09:00:00,Semi-automated glacier classification.; Band ratio red (4)/SWIR (11) Sentinel-2 A and B 2018-2019 with manual edits.  Further description in Andreassen et al. 2022. https://doi.org/10.1017/jog.2022.20,2,Norway,Norwegian Water Resources and Energy Directorate,0,0,9,8,2,None,None,"Andreassen, Liss Marie","Andreassen, Liss Marie; Nagy, Teodor",2019,STORBREEN,
glac_bound,999210,G007768E62351N,2021-06-01T00:00:00,0.0,1.05695,0.0,0.0,0,0,0,0,2019-08-27T00:00:00,okay,Storbreen,None,1796,exists,None,0,800,2022-08-01T09:00:00,Semi-automated glacier classification.; Band ratio red (4)/SWIR (11) Sentinel-2 A and B 2018-2019 with manual edits.  Further description in Andreassen et al. 2022. https://doi.org/10.1017/jog.2022.20,2,Norway,Norwegian Water Resources and Energy Directorate,0,0,9,8,2,None,None,"Andreassen, Liss Marie","Andreassen, Liss Marie; Nagy, Teodor",2019,STORBREEN,
glac_bound,520376,G010823E46875N,2017-05-20T00:00:00,0.0,6.0142,0.0,0.0,0,0,0,0,2015-08-26T00:00:00,okay,Vernagtferner,None,None,exists,None,0,668,2019-02-09T00:00:00,"Advanced atmospheric and topographic correction of S2A scenes, automated pre-classification of glacier areas, manual correction of minor misclassifications and in debris covered areas; Correction of outline for this one glacier.",34,Austrian Alps,Universitaet Innsbruck,0,0,9,11,1,None,None,"Schwaizer (nee Bippus), Gabriele","Nemec, Johanna; Schwaizer (nee Bippus), Gabriele",2015,VERNAGTFERNER,
glac_bound,725175,G269329E79672N,2021-07-01T00:00:00,0.0,40.0007,0.0,0.0,0,0,0,0,1999-07-25T00:00:00,okay,White,None,None,exists,None,0,728,2021-08-27T09:00:00,Manual editing of RGI6 outlines in most cases; new NDSI-based outlines on Sydkap,3,Canada,University of Alberta,0,0,9,3,2,None,None,"Kochtitzky, William","Copland, Luke; Kochtitzky, William; Thomson, Laura; Zajaczkiwsky, Sophie",1999,WHITE,
glac_bound,1015936,G211100E60420N,2014-12-01T00:00:00,0.0,16.5713,0.0,0.0,0,426,0,1636,2019-08-08T00:00:00,okay,Wolverine Glacier,US2N00500411,None,exists,None,0,815,2021-10-01T09:00:00,Automated glacier classification of clean ice; merge with debris-cover layer to add debris-covered parts.; Semi-automatic multi-resolution segmentation of Sentinel-2 satellite images and SRTM digital elevation model.,580,Chugach,USDA Forest Service,0,0,9,1,4,None,G211100E60420N,"Ruether, Brett","Ruether, Brett",2019,WOLVERINE,
